rouge1,rouge2,rougeL,rougeLsum
0.559009325418721,0.4060605064334391,0.4901725090907041,0.4904836101793354
